{
    "REST": {
        "frontLeftLow": 88,
        "frontLeftHigh": 78,
        "rearLeftLow": 74,
        "rearLeftHigh": 92,
        "rearRightHigh": 74,
        "rearRightLow": 80,
        "frontRightHigh": 94,
        "frontRightLow": 90,
        "frontLeftShoulder": 76,
        "rearLeftShoulder": 94,
        "rearRightShoulder": 72,
        "frontRightShoulder": 82,
        "head": 80
    },
    "STAND": {
        "frontLeftLow": 104.1907369382781,
        "frontLeftHigh": 127.78568338309748,
        "rearLeftLow": 90.07406569068436,
        "rearLeftHigh": 142.52433087135182,
        "rearRightHigh": 25.638287458722488,
        "rearRightLow": 64.12028144602981,
        "frontRightHigh": 46.16805904485949,
        "frontRightLow": 75.97014457576235,
        "frontLeftShoulder": 72,
        "rearLeftShoulder": 86,
        "rearRightShoulder": 80,
        "frontRightShoulder": 86,
        "head": 80
    }
}